Período;Região;Instituição Hospitalar;Sigla;Ponto ou Localização Geográfica;Grupo;Despesa;N.º doentes;Custo Médio
2016-12;Norte;Centro Hospitalar do Médio Ave, E.P.E.;CHMA;41.3423984, -8.4802503;Grupo B;190322.7;32.0;495.63203125
2016-12;Norte;Centro Hospitalar do Tâmega e Sousa, EPE;CHTS;41.2494561,-8.264901;Grupo C;2112022.4499999997;256.0;687.5073079427083
2016-12;Norte;Unidade Local de Saúde do Alto Minho, E.P.E.;ULSAM;41.7056054, -8.8252713;Grupo C;1662382.3900000001;203.0;682.4229844006569
2016-12;LVT;Hospital Garcia da Orta, E.P.E.;HGO;38.6658713, -9.1822554;Grupo D;9723679.479999999;1696.0;477.7751316823899
2016-12;LVT;Hospital Prof. Doutor Fernando Fonseca, E.P.E.;HFF;38.7422257, -9.2264834;Grupo D;16679678.099999998;2355.0;590.2221549893842
2016-12;LVT;Centro Hospitalar de Lisboa Ocidental, E.P.E.;CHLO;38.708454, -9.216985;Grupo E;18276823.819999993;2427.0;627.5519784370276
2016-12;LVT;Centro Hospitalar Universitário de Lisboa Central E.P.E.;CHULC;38.7166948, -9.1371248;Grupo E;39318754.39;5275.0;621.1493584518167
2016-12;Norte;Centro Hospitalar Universitário de São João, E.P.E.;CHUSJ;41.1831056, -8.6010558;Grupo E;13875285.920000002;2273.0;508.6994398005573
2017-12;LVT;Centro Hospitalar do Oeste, E.P.E.;CHO;39.4054629, -9.1258493;Grupo B;2302388.96;400.0;479.66436666666664
2017-12;Algarve;Centro Hospitalar Universitário do Algarve, EPE;CHUA;37.0238973, -7.9281554;Grupo D;10331368.78;1787.0;481.78365883230737
2017-12;Alentejo;Hospital Espírito Santo, E.P.E. - Évora;HES-E;38.5684861, -7.9032848;Grupo D;938977.6499999999;172.0;454.9310319767441
2018-12;Norte;Centro Hospitalar do Médio Ave, E.P.E.;CHMA;41.3423984, -8.4802503;Grupo B;85932.11;32.0;223.78153645833333
2018-12;LVT;Centro Hospitalar do Oeste, E.P.E.;CHO;39.4054629, -9.1258493;Grupo B;2156297.68;409.0;439.34345558272213
2018-12;LVT;Centro Hospitalar Barreiro Montijo, E.P.E;CHBM;38.6554005, -9.0592392;Grupo C;4774130.87;779.0;510.7114751818571
2018-12;LVT;Centro Hospitalar de Setúbal, E.P.E.;CHS;38.5283754, -8.8818638;Grupo C;7639148.059999999;1178.0;540.4037959818901
2018-12;Centro;Centro Hospitalar do Baixo Vouga, E.P.E.;CHBV;40.6362453, -8.6543716;Grupo C;3123420.8099999996;622.0;418.46473874598064
2018-12;Centro;Centro Hospitalar Universitário Cova da Beira, E.P.E.;CHUCB;40.2804158, -7.4922407;Grupo C;970336.7600000001;157.0;515.0407430997877
2018-12;Norte;Unidade Local de Saúde de Matosinhos, E.P.E.;ULSM;41.1794456, -8.6745115;Grupo C;4877396.949999999;867.0;468.80016820453665
2018-12;Alentejo;Unidade Local de Saúde do Norte Alentejano, E.P.E.;ULSNA;39.3003425, -7.4263845;Grupo C;646927.83;122.0;441.89059426229505
2018-12;Norte;Centro Hospitalar de Vila Nova de Gaia/ Espinho, E.P.E.;CHVNGE;41.1094138, -8.5972617;Grupo D;6512431.1;1238.0;438.37042945611194
2018-12;Alentejo;Hospital Espírito Santo, E.P.E. - Évora;HES-E;38.5684861, -7.9032848;Grupo D;839664.4600000001;136.0;514.5002818627452
2018-12;Norte;Centro Hospitalar Universitário de São João, E.P.E.;CHUSJ;41.1831056, -8.6010558;Grupo E;13089681.690000001;2479.0;440.0188816054861
2018-12;Norte;Centro Hospitalar Universitário do Porto, E.P.E.;CHUP;41.1472498, -8.6172617;Grupo E;14637351.68;3024.0;403.36617283950613
2019-12;Alentejo;Unidade Local de Saúde do Baixo Alentejo, EPE;ULSBA;38.014123,-7.8721227;Grupo C;1159639.64;198.0;488.0638215488215
2019-12;LVT;Hospital Garcia da Orta, EPE;HGO;38.6658713, -9.1822554;Grupo D;6940114.39;1930.0;299.6595159758204
2020-12;Centro;Centro Hospitalar Universitário Cova da Beira, EPE;CHUCB;40.2804158, -7.4922407;Grupo C;668070.56;202.0;275.6066666666667
2020-12;LVT;Centro Hospitalar de Setúbal, E.P.E.;CHS;38.5283754, -8.8818638;Grupo C;7272514.66;1277.0;474.58331114591493
2020-12;LVT;Centro Hospitalar Universitário de Lisboa Norte, EPE;CHULN;38.7500861, -9.1616116;Grupo E;21453718.93;4652.0;384.30995503725995
2020-12;Norte;Centro Hospitalar do Tâmega e Sousa, EPE;CHTS;41.2494561,-8.264901;Grupo C;1509589.87;346.0;363.5813752408478
2020-12;Centro;Centro Hospitalar Tondela-Viseu, EPE.;CHTV;40.516364, -8.0827433;Grupo D;1581697.45;320.0;411.90037760416664
2020-12;Centro;Centro Hospitalar e Universitário de Coimbra, EPE;CHUC;40.2191523, -8.4098211;Grupo E;11902864.72;3534.0;280.6749839652896
2021-12;Alentejo;Unidade Local de Saúde do Baixo Alentejo, EPE;ULSBA;38.014123,-7.8721227;Grupo C;1199293.26;228.0;438.3381798245614
2021-12;Norte;Centro Hospitalar de Vila Nova de Gaia/ Espinho, EPE;CHVNGE;41.1094138, -8.5972617;Grupo D;6906156.28;1395.0;412.55413859020314
2021-12;LVT;Centro Hospitalar Universitário de Lisboa Norte, EPE;CHULN;38.7500861, -9.1616116;Grupo E;21695059.72;4642.0;389.4704100244147
2021-12;LVT;Centro Hospitalar Barreiro Montijo, EPE;CHBM;38.6554005, -9.0592392;Grupo C;5043857.24;899.0;467.5433110863923
2021-12;LVT;Centro Hospitalar do Oeste, EPE;CHO;39.4054629, -9.1258493;Grupo B;2432082.47;477.0;424.8921156533893
2021-12;Algarve;Centro Hospitalar Universitário do Algarve, EPE;CHUA;37.0238973, -7.9281554;Grupo D;9395336.26;2088.0;374.97350973818646
2021-12;Norte;Hospital de Braga, EPE;HdB;41.567781, -8.399268;Grupo D;4454869.22;905.0;410.2089521178637
2021-12;Norte;Centro Hospitalar Universitário de Santo António, EPE;CHUdSA;41.1472498, -8.6172617;Grupo E;13632445.71;3185.0;356.68356122448984
2022-12;Centro;Centro Hospitalar Universitário Cova da Beira, EPE;CHUCB;40.2804158, -7.4922407;Grupo C;906867.76;191.0;395.6665619546248
2022-12;Norte;Centro Hospitalar de Vila Nova de Gaia/ Espinho, EPE;CHVNGE;41.1094138, -8.5972617;Grupo D;7243524.11;1573.0;383.7425360245815
2022-12;Norte;Centro Hospitalar Universitário de São João, EPE;CHUSJ;41.1831056, -8.6010558;Grupo E;11846764.66;3139.0;314.5047430179463
2022-12;Alentejo;Unidade Local de Saúde do Norte Alentejano, EPE;ULSNA;39.3003425, -7.4263845;Grupo C;403657.07;144.0;233.5978414351852
2022-12;Centro;Centro Hospitalar do Baixo Vouga, EPE;CHBV;40.6362453, -8.6543716;Grupo C;3173003.83;799.0;330.93490091781393
2023-12;LVT;Centro Hospitalar de Setúbal, E.P.E.;CHS;38.5283754, -8.8818638;Grupo C;7551736.35;1415.0;444.74301236749113
2023-12;LVT;Hospital Prof. Doutor Fernando Fonseca, EPE;HFF;38.7422257, -9.2264834;Grupo D;17751071.99;3418.0;432.7840840159937
2023-12;Centro;Centro Hospitalar do Baixo Vouga, EPE;CHBV;40.6362453, -8.6543716;Grupo C;3715781.55;844.0;366.8820645734597
2023-12;LVT;Centro Hospitalar do Oeste, EPE;CHO;39.4054629, -9.1258493;Grupo B;2742585.56;549.0;416.3001760777171
2023-12;Algarve;Centro Hospitalar Universitário do Algarve, EPE;CHUA;37.0238973, -7.9281554;Grupo D;10326807.09;2366.0;363.7224249788673
2023-12;Centro;Unidade Local de Saúde da Guarda, EPE;ULSG;40.5309916, -7.2734793;Grupo B;65058.48;12.0;451.795
2024-03;;Unidade Local de Saúde do Tâmega e Sousa, E. P. E.;ULSTS;41.2494561,-8.264901;Grupo C;569479.68;381.0;498.23244094488194
2024-03;;Unidade Local de Saúde de Almada-Seixal, E. P. E.;ULSASe;38.6658713, -9.1822554;Grupo D;3063332.27;2169.0;470.7748993391732
2024-03;;Unidade Local de Saúde de Braga, E. P. E.;ULSB;41.567781, -8.399268;Grupo D;1450760.0;1082.0;446.9377695625385
2024-03;;Unidade Local de Saúde do Baixo Alentejo, EPE;ULSBA;38.014123,-7.8721227;Grupo C;316176.37;229.0;460.2276128093159
2024-03;;Unidade Local de Saúde do Alto Minho, E.P.E.;ULSAM;41.7056054, -8.8252713;Grupo C;448463.49;296.0;505.02645270270267
2024-03;;Unidade Local de Saude do Alto Alentejo, EPE;ULSAAle;39.3003425, -7.4263845;Grupo C;165291.32;126.0;437.27862433862435
2024-03;;Unidade Local de Saude da Guarda, EPE;ULSG;40.5309916, -7.2734793;Grupo B;34724.55;21.0;551.1833333333334
2024-03;;Unidade Local de Saúde da Cova da Beira, E. P. E.;ULSCBa;40.2804158, -7.4922407;Grupo C;430860.48;292.0;491.8498630136986
2025-03;;Unidade Local de Saúde de Braga, E. P. E.;ULSB;41.567781, -8.399268;Grupo D;1671936.65;1124.0;495.8293742586002
2025-03;;Unidade Local de Saúde de Trás-os-Montes e Alto Douro, E. P. E.;ULSTMAD;41.3031784, -7.7515252;Grupo D;419723.48;271.0;516.2650430504304
2025-03;;Unidade Local de Saúde de Coimbra, E. P. E.;ULSC;40.2191523, -8.4098211;Grupo E;3695711.11;3008.0;409.54245456560284
2025-03;;Unidade Local de Saúde de Lisboa Ocidental, E. P. E.;ULSLOci;38.708454, -9.216985;Grupo E;4363968.89;2812.0;517.3030926979611
2025-03;;Unidade Local de Saúde de São José, E. P. E.;ULSSJe;38.7166948, -9.1371248;Grupo E;9348546.43;5092.0;611.9760689971197
2016-12;LVT;Centro Hospitalar do Oeste, E.P.E.;CHO;39.4054629, -9.1258493;Grupo B;2227253.85;359.0;517.0041434540391
2016-12;LVT;Centro Hospitalar Barreiro Montijo, E.P.E;CHBM;38.6554005, -9.0592392;Grupo C;4862575.549999999;704.0;575.5889618844695
2016-12;Centro;Centro Hospitalar do Baixo Vouga, E.P.E.;CHBV;40.6362453, -8.6543716;Grupo C;3330976.06;549.0;505.6126381299332
2016-12;Norte;Hospital da Senhora da Oliveira Guimarães, EPE;HSOG;41.4387173, -8.3086907;Grupo C;2065468.2300000004;300.0;573.7411750000001
2016-12;Norte;Unidade Local de Saúde de Matosinhos, E.P.E.;ULSM;41.1794456, -8.6745115;Grupo C;5470119.109999999;793.0;574.8338703236653
2016-12;Alentejo;Unidade Local de Saúde do Baixo Alentejo, EPE;ULSBA;38.014123,-7.8721227;Grupo C;1365733.0999999999;182.0;625.3356684981685
2016-12;Norte;Centro Hospitalar de Trás os Montes e Alto Douro, E.P.E.;CHTMAD;41.3031784, -7.7515252;Grupo D;1434725.5;239.0;500.2529637377964
2016-12;Norte;Centro Hospitalar Universitário do Porto, E.P.E.;CHUP;41.1472498, -8.6172617;Grupo E;16725403.0;2695.0;517.1738713667286
2017-12;LVT;Centro Hospitalar de Setúbal, E.P.E.;CHS;38.5283754, -8.8818638;Grupo C;8109987.92;1132.0;597.025023557126
2017-12;LVT;Hospital Distrital de Santarém, E.P.E.;HDS;39.2410946, -8.6937515;Grupo C;4921024.25;685.0;598.6647506082725
2017-12;LVT;Hospital Garcia da Orta, E.P.E.;HGO;38.6658713, -9.1822554;Grupo D;9266061.11;1720.0;448.9370692829457
2018-12;Norte;Centro Hospitalar do Tâmega e Sousa, EPE;CHTS;41.2494561,-8.264901;Grupo C;1704938.1099999999;289.0;491.61998558246825
2018-12;Centro;Centro Hospitalar Tondela-Viseu, E.P.E.;CHTV;40.516364, -8.0827433;Grupo D;1545817.9000000001;264.0;487.9475694444445
2018-12;LVT;Centro Hospitalar Universitário Lisboa Norte, E.P.E.;CHULN;38.7500861, -9.1616116;Grupo E;23847034.560000002;4338.0;458.1034762563393
2019-12;LVT;Centro Hospitalar do Oeste, EPE;CHO;39.4054629, -9.1258493;Grupo B;2057099.6599999997;436.0;393.1765405198776
2019-12;LVT;Centro Hospitalar de Setubal, EPE;CHS;38.5283754, -8.8818638;Grupo C;7404090.63;1231.0;501.22465678310317
2019-12;Centro;Centro Hospitalar do Baixo Vouga, EPE;CHBV;40.6362453, -8.6543716;Grupo C;2788263.64;658.0;353.1235612968592
2019-12;Centro;Centro Hospitalar Universitário Cova da Beira, EPE;CHUCB;40.2804158, -7.4922407;Grupo C;654441.9299999999;162.0;336.6470833333333
2019-12;Norte;Hospital da Senhora da Oliveira Guimarães, EPE;HSOG;41.4387173, -8.3086907;Grupo C;1897033.69;357.0;442.81832166199814
2019-12;Alentejo;Unidade Local de Saúde do Norte Alentejano, E.P.E.;ULSNA;39.3003425, -7.4263845;Grupo C;328656.20000000007;123.0;222.66680216802172
2019-12;Norte;Centro Hospitalar Universitário do Porto, EPE;CHUP;41.1472498, -8.6172617;Grupo E;12799764.360000001;3128.0;340.99968989769826
2020-12;LVT;Hospital Garcia da Orta, EPE;HGO;38.6658713, -9.1822554;Grupo D;7634054.67;1986.0;320.3279065961732
2020-12;Norte;Centro Hospitalar de Tras os Montes e Alto Douro, EPE;CHTMAD;41.3031784, -7.7515252;Grupo D;1109416.23;298.0;310.23943791946306
2020-12;Norte;Hospital da Senhora da Oliveira Guimarães, EPE;HSOG;41.4387173, -8.3086907;Grupo C;1976513.56;351.0;469.257730294397
2021-12;Alentejo;Unidade Local de Saúde do Norte Alentejano, EPE;ULSNA;39.3003425, -7.4263845;Grupo C;397924.54;141.0;235.179988179669
2022-12;Alentejo;Unidade Local de Saúde do Baixo Alentejo, EPE;ULSBA;38.014123,-7.8721227;Grupo C;1248621.16;240.0;433.54901388888885
2022-12;LVT;Centro Hospitalar de Lisboa Ocidental, EPE;CHLO;38.708454, -9.216985;Grupo E;15141899.36;3159.0;399.43809644402234
2022-12;LVT;Hospital Distrital de Santarém, E.P.E.;HDS;39.2410946, -8.6937515;Grupo C;4305718.43;849.0;422.62646544954845
2022-12;Norte;Unidade Local de Saúde do Alto Minho, EPE;ULSAM;41.7056054, -8.8252713;Grupo C;1591138.17;297.0;446.44729797979795
2022-12;LVT;Centro Hospitalar de Setúbal, E.P.E.;CHS;38.5283754, -8.8818638;Grupo C;7095176.15;1312.0;450.6590542428862
2022-12;LVT;Centro Hospitalar Barreiro Montijo, EPE;CHBM;38.6554005, -9.0592392;Grupo C;5005408.08;949.0;439.5335511064278
2022-12;Norte;Centro Hospitalar Universitário de Santo António, EPE;CHUdSA;41.1472498, -8.6172617;Grupo E;12033947.05;3290.0;304.81122213779133
2023-12;Centro;Centro Hospitalar Universitário Cova da Beira, EPE;CHUCB;40.2804158, -7.4922407;Grupo C;1278093.49;245.0;434.7256768707483
2023-12;Norte;Unidade Local de Saúde do Alto Minho, EPE;ULSAM;41.7056054, -8.8252713;Grupo C;1618074.67;332.0;406.14324046184737
2023-12;LVT;Centro Hospitalar Barreiro Montijo, EPE;CHBM;38.6554005, -9.0592392;Grupo C;5313036.6;1037.0;426.9556894889103
2023-12;LVT;Centro Hospitalar Universitário Lisboa Central, EPE;CHULC;38.7166948, -9.1371248;Grupo E;35002363.44;7020.0;415.5076381766381
2023-12;Norte;Hospital de Braga, EPE;HdB;41.567781, -8.399268;Grupo D;5389639.42;1268.0;354.2086895373291
2023-12;Norte;Centro Hospitalar Universitário de Santo António, EPE;CHUdSA;41.1472498, -8.6172617;Grupo E;14823465.88;3455.0;357.5365624698505
2024-03;;Unidade Local de Saúde de Trás-os-Montes e Alto Douro, E. P. E.;ULSTMAD;41.3031784, -7.7515252;Grupo D;540286.06;273.0;659.689938949939
2024-03;;Unidade Local de Saúde do Oeste, E. P. E.;ULSO;39.4054629, -9.1258493;Grupo B;805003.12;507.0;529.2591190006575
2024-03;;Unidade Local de Saúde da Arrábida, E. P. E.;ULSA;38.5283754, -8.8818638;Grupo C;2144416.37;1310.0;545.6530203562342
2024-03;;Unidade Local de Saúde da Região de Aveiro, E. P. E.;ULSRA;40.6362453, -8.6543716;Grupo C;1238508.91;676.0;610.704590729783
2024-03;;Unidade Local de Saúde do Alto Ave, E. P. E.;ULSAA;41.4387173, -8.3086907;Grupo C;628196.41;373.0;561.3908936550491
2025-03;;Unidade Local de Saúde do Tâmega e Sousa, E. P. E.;ULSTS;41.2494561,-8.264901;Grupo C;519100.83;439.0;394.1540091116173
2025-03;;Unidade Local de Saúde de Amadora/Sintra E. P. E.;ULSASi;38.7422257, -9.2264834;Grupo D;5158701.14;3154.0;545.2019805537941
2025-03;;Unidade Local de Saúde de Viseu Dão-Lafões, E. P. E.;ULSVDL;40.516364, -8.0827433;Grupo D;761965.6;413.0;614.9843422114608
2025-03;;Unidade Local de Saúde do Algarve, E. P. E.;ULSAlg;37.0238973, -7.9281554;Grupo D;3008157.2;2195.0;456.8196203492787
2016-12;LVT;Centro Hospitalar de Setúbal, E.P.E.;CHS;38.5283754, -8.8818638;Grupo C;8780812.990000002;1071.0;683.2254116090882
2016-12;Centro;Centro Hospitalar Universitário Cova da Beira, E.P.E.;CHUCB;40.2804158, -7.4922407;Grupo C;878598.9;128.0;572.0044921875
2017-12;Centro;Centro Hospitalar do Baixo Vouga, E.P.E.;CHBV;40.6362453, -8.6543716;Grupo C;3503077.4899999998;590.0;494.7849562146892
2017-12;Norte;Centro Hospitalar do Tâmega e Sousa, EPE;CHTS;41.2494561,-8.264901;Grupo C;1629789.69;274.0;495.67812956204375
2017-12;Centro;Centro Hospitalar Universitário Cova da Beira, E.P.E.;CHUCB;40.2804158, -7.4922407;Grupo C;981595.5999999999;132.0;619.6941919191919
2017-12;Norte;Unidade Local de Saúde de Matosinhos, E.P.E.;ULSM;41.1794456, -8.6745115;Grupo C;5347125.33;829.0;537.5075723763571
2017-12;Alentejo;Unidade Local de Saúde do Baixo Alentejo, EPE;ULSBA;38.014123,-7.8721227;Grupo C;1255018.0;181.0;577.8167587476979
2017-12;Norte;Centro Hospitalar de Trás os Montes e Alto Douro, E.P.E.;CHTMAD;41.3031784, -7.7515252;Grupo D;1590427.3800000004;257.0;515.7027821011674
2017-12;Centro;Centro Hospitalar Tondela-Viseu, E.P.E.;CHTV;40.516364, -8.0827433;Grupo D;1590078.1199999999;251.0;527.9143824701194
2017-12;LVT;Hospital Prof. Doutor Fernando Fonseca, E.P.E.;HFF;38.7422257, -9.2264834;Grupo D;15165435.36;2451.0;515.6206772745818
2017-12;Centro;Centro Hospitalar e Universitario de Coimbra, E.P.E.;CHUC;40.2191523, -8.4098211;Grupo E;15598356.669999998;1846.0;704.1511678403755
2017-12;LVT;Centro Hospitalar Universitário de Lisboa Central E.P.E.;CHULC;38.7166948, -9.1371248;Grupo E;39785764.08;5626.0;589.313960184856
2017-12;Norte;Centro Hospitalar Universitário do Porto, E.P.E.;CHUP;41.1472498, -8.6172617;Grupo E;17346581.86;2909.0;496.9228217027615
2018-12;Norte;Unidade Local de Saúde do Alto Minho, E.P.E.;ULSAM;41.7056054, -8.8252713;Grupo C;1503855.23;238.0;526.5599544817927
2018-12;Norte;Centro Hospitalar de Trás os Montes e Alto Douro, E.P.E.;CHTMAD;41.3031784, -7.7515252;Grupo D;1568233.2699999998;273.0;478.70368437118435
2018-12;Algarve;Centro Hospitalar Universitário do Algarve, EPE;CHUA;37.0238973, -7.9281554;Grupo D;9488683.250000002;1862.0;424.66358977801656
2018-12;LVT;Hospital Garcia da Orta, E.P.E.;HGO;38.6658713, -9.1822554;Grupo D;8676992.83;1826.0;395.99273594377513
2018-12;LVT;Centro Hospitalar de Lisboa Ocidental, E.P.E.;CHLO;38.708454, -9.216985;Grupo E;16504066.3;2715.0;506.5704818907305
2018-12;Centro;Centro Hospitalar e Universitario de Coimbra, E.P.E.;CHUC;40.2191523, -8.4098211;Grupo E;14293392.73;2382.0;500.04872411139104
2019-12;LVT;Hospital Distrital de Santarém, E.P.E.;HDS;39.2410946, -8.6937515;Grupo C;4305831.7700000005;813.0;441.35216994669946
2019-12;Algarve;Centro Hospitalar Universitário do Algarve, EPE;CHUA;37.0238973, -7.9281554;Grupo D;7683277.6;1940.0;330.0376975945017
2019-12;LVT;Centro Hospitalar de Lisboa Ocidental, EPE;CHLO;38.708454, -9.216985;Grupo E;14284827.75;2863.0;415.7884430667132
2020-12;Norte;Centro Hospitalar Universitário de São João, EPE;CHUSJ;41.1831056, -8.6010558;Grupo E;10968604.39;2839.0;321.96208729599624
2020-12;LVT;Hospital Distrital de Santarém, E.P.E.;HDS;39.2410946, -8.6937515;Grupo C;4625739.4;852.0;452.439299687011
2020-12;Norte;Unidade Local de Saúde de Matosinhos, EPE;ULSM;41.1794456, -8.6745115;Grupo C;4661757.65;896.0;433.5712100074405
2020-12;Alentejo;Unidade Local de Saúde do Norte Alentejano, EPE;ULSNA;39.3003425, -7.4263845;Grupo C;293461.85;134.0;182.5011504975124
2020-12;LVT;Centro Hospitalar Barreiro Montijo, EPE;CHBM;38.6554005, -9.0592392;Grupo C;5073662.26;894.0;472.93645227442204
2020-12;LVT;Centro Hospitalar Universitário Lisboa Central, EPE;CHULC;38.7166948, -9.1371248;Grupo E;33205963.66;6134.0;451.1189498424084
2020-12;Centro;Centro Hospitalar do Baixo Vouga, EPE;CHBV;40.6362453, -8.6543716;Grupo C;3132157.81;692.0;377.1866341522158
2021-12;Centro;Centro Hospitalar Universitário Cova da Beira, EPE;CHUCB;40.2804158, -7.4922407;Grupo C;848212.18;173.0;408.58004816955685
2021-12;LVT;Hospital Garcia da Orta, EPE;HGO;38.6658713, -9.1822554;Grupo D;8235106.89;2025.0;338.893287654321
2021-12;LVT;Hospital Distrital de Santarém, E.P.E.;HDS;39.2410946, -8.6937515;Grupo C;4609737.05;826.0;465.0662883373688
2021-12;Norte;Centro Hospitalar do Tâmega e Sousa, EPE;CHTS;41.2494561,-8.264901;Grupo C;1617051.4;375.0;359.34475555555554
2021-12;LVT;Hospital de Vila Franca de Xira, EPE;HVFX;38.952565, -8.992398;Grupo C;1202857.08;295.0;339.7901355932204
2022-12;Norte;Centro Hospitalar do Tâmega e Sousa, EPE;CHTS;41.2494561,-8.264901;Grupo C;1639487.69;416.0;328.42301482371795
2022-12;Centro;Centro Hospitalar Tondela-Viseu, EPE.;CHTV;40.516364, -8.0827433;Grupo D;1901881.81;417.0;380.07230415667465
2022-12;LVT;Centro Hospitalar Universitário Lisboa Central, EPE;CHULC;38.7166948, -9.1371248;Grupo E;33048568.28;6594.0;417.659593064402
2022-12;Algarve;Centro Hospitalar Universitário do Algarve, EPE;CHUA;37.0238973, -7.9281554;Grupo D;9137633.23;2184.0;348.6581665903541
2023-12;Norte;Centro Hospitalar de Vila Nova de Gaia/ Espinho, EPE;CHVNGE;41.1094138, -8.5972617;Grupo D;7832499.55;1489.0;438.35345589881354
2023-12;LVT;Hospital Distrital de Santarém, E.P.E.;HDS;39.2410946, -8.6937515;Grupo C;4991469.14;927.0;448.7117170082704
2023-12;Norte;Centro Hospitalar de Tras os Montes e Alto Douro, EPE;CHTMAD;41.3031784, -7.7515252;Grupo D;1670592.77;389.0;357.88191302485006
2023-12;Norte;Centro Hospitalar do Tâmega e Sousa, EPE;CHTS;41.2494561,-8.264901;Grupo C;2049781.3;474.0;360.3694268635724
2023-12;Centro;Centro Hospitalar Tondela-Viseu, EPE.;CHTV;40.516364, -8.0827433;Grupo D;2131162.63;477.0;372.3205153738644
2023-12;Norte;Hospital da Senhora da Oliveira Guimarães, EPE;HSOG;41.4387173, -8.3086907;Grupo C;1826872.97;407.0;374.05261466011467
2023-12;LVT;Hospital de Vila Franca de Xira, EPE;HVFX;38.952565, -8.992398;Grupo C;2228015.57;511.0;363.34239562948466
2024-03;;Unidade Local de Saúde de Amadora/Sintra E. P. E.;ULSASi;38.7422257, -9.2264834;Grupo D;4756646.41;2951.0;537.2920377273241
2024-03;;Unidade Local de Saúde de Lisboa Ocidental, E. P. E.;ULSLOci;38.708454, -9.216985;Grupo E;4572024.34;2694.0;565.7045706508289
2024-03;;Unidade Local de Saúde de Santa Maria, E. P. E.;ULSSM;38.7500861, -9.1616116;Grupo E;6207383.73;3398.0;608.925223660977
2024-03;;Unidade Local de Saúde de São José, E. P. E.;ULSSJe;38.7166948, -9.1371248;Grupo E;8415309.12;5538.0;506.5191477067533
2024-03;;Unidade Local de Saúde da Lezíria, E. P. E.;ULSL;39.2410946, -8.6937515;Grupo C;1265692.95;927.0;455.1215210355987
2025-03;;Unidade Local de Saúde de Gaia/Espinho, E.P.E.;ULSGE;41.1094138, -8.5972617;Grupo D;2293734.08;1427.0;535.7939920579304
2025-03;;Unidade Local de Saúde do Alentejo Central, E. P. E.;ULSAC;38.5684861, -7.9032848;Grupo D;315975.77;228.0;461.9528801169591
2025-03;;Unidade Local de Saúde de Santo António, E. P. E.;ULSSA;41.1472498, -8.6172617;Grupo E;4512903.81;3053.0;492.72887979037006
2016-12;Norte;Centro Hospitalar de Vila Nova de Gaia/ Espinho, E.P.E.;CHVNGE;41.1094138, -8.5972617;Grupo D;8059701.86;1145.0;586.5867438136827
2016-12;Algarve;Centro Hospitalar Universitário do Algarve, EPE;CHUA;37.0238973, -7.9281554;Grupo D;10594422.43;1742.0;506.8131663796403
2016-12;Centro;Centro Hospitalar e Universitario de Coimbra, E.P.E.;CHUC;40.2191523, -8.4098211;Grupo E;15112953.229999999;1987.0;633.8262552424089
2016-12;LVT;Centro Hospitalar Universitário Lisboa Norte, E.P.E.;CHULN;38.7500861, -9.1616116;Grupo E;27999205.63;3843.0;607.1473161158816
2017-12;Norte;Hospital da Senhora da Oliveira Guimarães, EPE;HSOG;41.4387173, -8.3086907;Grupo C;2558344.4899999998;313.0;681.1353807241745
2017-12;Norte;Unidade Local de Saúde do Alto Minho, E.P.E.;ULSAM;41.7056054, -8.8252713;Grupo C;1531369.7900000003;226.0;564.6643768436579
2017-12;Alentejo;Unidade Local de Saúde do Norte Alentejano, E.P.E.;ULSNA;39.3003425, -7.4263845;Grupo C;683579.1799999999;125.0;455.7194533333333
2017-12;LVT;Centro Hospitalar de Lisboa Ocidental, E.P.E.;CHLO;38.708454, -9.216985;Grupo E;18131501.409999993;2520.0;599.5866868386241
2017-12;Norte;Centro Hospitalar Universitário de São João, E.P.E.;CHUSJ;41.1831056, -8.6010558;Grupo E;13287122.14;2346.0;471.97791062801934
2018-12;Norte;Hospital da Senhora da Oliveira Guimarães, EPE;HSOG;41.4387173, -8.3086907;Grupo C;2108749.1300000004;344.0;510.84039001938
2018-12;Alentejo;Unidade Local de Saúde do Baixo Alentejo, EPE;ULSBA;38.014123,-7.8721227;Grupo C;1226420.1500000001;179.0;570.9591014897579
2018-12;LVT;Hospital Prof. Doutor Fernando Fonseca, E.P.E.;HFF;38.7422257, -9.2264834;Grupo D;14836323.159999996;2626.0;470.8150279258694
2019-12;LVT;Centro Hospitalar Barreiro Montijo, EPE;CHBM;38.6554005, -9.0592392;Grupo C;4931379.380000001;850.0;483.46856666666673
2019-12;Norte;Unidade Local de Saúde do Alto Minho, E.P.E.;ULSAM;41.7056054, -8.8252713;Grupo C;1447080.7699999998;257.0;469.22203955901415
2019-12;LVT;Hospital Prof. Doutor Fernando Fonseca, EPE;HFF;38.7422257, -9.2264834;Grupo D;15200623.14;2840.0;446.02767429577466
2019-12;Centro;Centro Hospitalar e Universitario de Coimbra, E.P.E.;CHUC;40.2191523, -8.4098211;Grupo E;11876829.559999999;3024.0;327.29358355379185
2019-12;LVT;Centro Hospitalar Universitário de Lisboa Norte, EPE;CHULN;38.7500861, -9.1616116;Grupo E;21298410.54;4730.0;375.23626744186043
2019-12;Norte;Centro Hospitalar Universitário de São João, EPE;CHUSJ;41.1831056, -8.6010558;Grupo E;11208823.91;2684.0;348.01365840784894
2020-12;LVT;Centro Hospitalar de Lisboa Ocidental, EPE;CHLO;38.708454, -9.216985;Grupo E;14092335.55;3018.0;389.11905097194614
2020-12;Norte;Unidade Local de Saúde do Alto Minho, EPE;ULSAM;41.7056054, -8.8252713;Grupo C;1418988.34;262.0;451.33216921119595
2020-12;Norte;Hospital de Braga, EPE;HdB;41.567781, -8.399268;Grupo D;4364319.12;807.0;450.6731846344486
2021-12;LVT;Centro Hospitalar de Lisboa Ocidental, EPE;CHLO;38.708454, -9.216985;Grupo E;15506349.73;3074.0;420.3629833550206
2021-12;Norte;Centro Hospitalar Universitário de São João, EPE;CHUSJ;41.1831056, -8.6010558;Grupo E;11494628.7;2971.0;322.41188993604845
2021-12;Norte;Unidade Local de Saúde do Alto Minho, EPE;ULSAM;41.7056054, -8.8252713;Grupo C;1534668.01;263.0;486.2699651457541
2021-12;Norte;Centro Hospitalar de Tras os Montes e Alto Douro, EPE;CHTMAD;41.3031784, -7.7515252;Grupo D;1262826.45;336.0;313.2010044642857
2021-12;Centro;Centro Hospitalar Tondela-Viseu, EPE.;CHTV;40.516364, -8.0827433;Grupo D;1829016.55;351.0;434.2394468186135
2021-12;Norte;Hospital da Senhora da Oliveira Guimarães, EPE;HSOG;41.4387173, -8.3086907;Grupo C;1876826.71;370.0;422.7087184684685
2022-12;LVT;Centro Hospitalar Universitário de Lisboa Norte, EPE;CHULN;38.7500861, -9.1616116;Grupo E;22065657.87;4839.0;379.9968635048564
2022-12;LVT;Hospital Prof. Doutor Fernando Fonseca, EPE;HFF;38.7422257, -9.2264834;Grupo D;16642726.51;3491.0;397.2769624271937
2022-12;Centro;Centro Hospitalar e Universitário de Coimbra, EPE;CHUC;40.2191523, -8.4098211;Grupo E;12455756.5;3013.0;344.500401039938
2022-12;LVT;Centro Hospitalar do Oeste, EPE;CHO;39.4054629, -9.1258493;Grupo B;2625982.01;517.0;423.2724065119277
2022-12;Norte;Hospital de Braga, EPE;HdB;41.567781, -8.399268;Grupo D;4832126.31;995.0;404.7006959798995
2023-12;LVT;Centro Hospitalar de Lisboa Ocidental, EPE;CHLO;38.708454, -9.216985;Grupo E;16374106.67;3238.0;421.40484532633315
2023-12;Norte;Unidade Local de Saúde de Matosinhos, EPE;ULSM;41.1794456, -8.6745115;Grupo C;5518022.54;1226.0;375.06950380641655
2024-03;;Unidade Local de Saúde do Estuário do Tejo, E. P. E.;ULSET;38.952565, -8.992398;Grupo C;606750.51;410.0;493.29309756097564
2024-03;;Unidade Local de Saúde de Gaia/Espinho, E.P.E.;ULSGE;41.1094138, -8.5972617;Grupo D;2062192.57;1317.0;521.9419311566692
2024-03;;Unidade Local de Saúde de Coimbra, E. P. E.;ULSC;40.2191523, -8.4098211;Grupo E;3494546.83;2974.0;391.6775196144362
2025-03;;Unidade Local de Saúde de Almada-Seixal, E. P. E.;ULSASe;38.6658713, -9.1822554;Grupo D;2950553.35;2211.0;444.82939092416706
2025-03;;Unidade Local de Saúde de Santa Maria, E. P. E.;ULSSM;38.7500861, -9.1616116;Grupo E;6152187.1;3411.0;601.2105052281833
2025-03;;Unidade Local de Saúde de São João, E. P. E.;ULSSJo;41.1831056, -8.6010558;Grupo E;4063530.15;2982.0;454.22872233400403
2016-12;LVT;Hospital Distrital de Santarém, E.P.E.;HDS;39.2410946, -8.6937515;Grupo C;5154006.069999999;647.0;663.8338575476558
2016-12;Alentejo;Unidade Local de Saúde do Norte Alentejano, E.P.E.;ULSNA;39.3003425, -7.4263845;Grupo C;946200.2700000001;132.0;597.3486553030303
2016-12;Centro;Centro Hospitalar Tondela-Viseu, E.P.E.;CHTV;40.516364, -8.0827433;Grupo D;1509610.6600000004;218.0;577.0682951070338
2016-12;Alentejo;Hospital Espírito Santo, E.P.E. - Évora;HES-E;38.5684861, -7.9032848;Grupo D;940666.48;171.0;458.4144639376218
2017-12;Norte;Centro Hospitalar do Médio Ave, E.P.E.;CHMA;41.3423984, -8.4802503;Grupo B;210707.05999999997;32.0;548.7163020833333
2017-12;LVT;Centro Hospitalar Barreiro Montijo, E.P.E;CHBM;38.6554005, -9.0592392;Grupo C;4625465.909999999;725.0;531.662748275862
2017-12;Norte;Centro Hospitalar de Vila Nova de Gaia/ Espinho, E.P.E.;CHVNGE;41.1094138, -8.5972617;Grupo D;7283752.75;1200.0;505.81616319444447
2017-12;LVT;Centro Hospitalar Universitário Lisboa Norte, E.P.E.;CHULN;38.7500861, -9.1616116;Grupo E;26249069.5;4039.0;541.575255838904
2018-12;LVT;Hospital Distrital de Santarém, E.P.E.;HDS;39.2410946, -8.6937515;Grupo C;4579296.18;772.0;494.3109002590673
2018-12;LVT;Centro Hospitalar Universitário de Lisboa Central E.P.E.;CHULC;38.7166948, -9.1371248;Grupo E;37387034.07;5677.0;548.8085560155012
2019-12;Norte;Centro Hospitalar do Tâmega e Sousa, EPE;CHTS;41.2494561,-8.264901;Grupo C;1418384.6099999999;337.0;350.738034124629
2019-12;Norte;Unidade Local de Saúde de Matosinhos, E.P.E.;ULSM;41.1794456, -8.6745115;Grupo C;4332348.68;912.0;395.86519371345025
2019-12;Norte;Centro Hospitalar de Tras os Montes e Alto Douro, EPE;CHTMAD;41.3031784, -7.7515252;Grupo D;938768.87;288.0;271.63451099537036
2019-12;Norte;Centro Hospitalar de Vila Nova de Gaia/ Espinho, EPE;CHVNGE;41.1094138, -8.5972617;Grupo D;6752749.55;1313.0;428.58273356181775
2019-12;Centro;Centro Hospitalar Tondela-Viseu, EPE.;CHTV;40.516364, -8.0827433;Grupo D;1399303.54;305.0;382.3233715846995
2019-12;LVT;Centro Hospitalar Universitário Lisboa Central, EPE;CHULC;38.7166948, -9.1371248;Grupo E;33090017.93;5981.0;461.04355361422284
2020-12;Alentejo;Unidade Local de Saúde do Baixo Alentejo, EPE;ULSBA;38.014123,-7.8721227;Grupo C;1202205.6;209.0;479.3483253588517
2020-12;Norte;Centro Hospitalar de Vila Nova de Gaia/ Espinho, EPE;CHVNGE;41.1094138, -8.5972617;Grupo D;6731272.87;1352.0;414.89601023175544
2020-12;LVT;Hospital Prof. Doutor Fernando Fonseca, EPE;HFF;38.7422257, -9.2264834;Grupo D;15386675.95;2951.0;434.504573308483
2020-12;LVT;Centro Hospitalar do Oeste, EPE;CHO;39.4054629, -9.1258493;Grupo B;2117826.54;460.0;383.66422826086955
2020-12;Algarve;Centro Hospitalar Universitário do Algarve, EPE;CHUA;37.0238973, -7.9281554;Grupo D;6912144.03;2005.0;287.28778179551125
2020-12;Norte;Centro Hospitalar Universitário de Santo António, EPE;CHUdSA;41.1472498, -8.6172617;Grupo E;13389651.22;3153.0;353.8865424463474
2021-12;Norte;Unidade Local de Saúde de Matosinhos, EPE;ULSM;41.1794456, -8.6745115;Grupo C;4905888.66;941.0;434.45701912858664
2021-12;LVT;Centro Hospitalar de Setúbal, E.P.E.;CHS;38.5283754, -8.8818638;Grupo C;7241734.95;1318.0;457.87398520485584
2021-12;LVT;Hospital Prof. Doutor Fernando Fonseca, EPE;HFF;38.7422257, -9.2264834;Grupo D;15491252.34;3098.0;416.70035345384116
2021-12;Centro;Centro Hospitalar e Universitário de Coimbra, EPE;CHUC;40.2191523, -8.4098211;Grupo E;12218582.48;2742.0;371.3403379528325
2021-12;LVT;Centro Hospitalar Universitário Lisboa Central, EPE;CHULC;38.7166948, -9.1371248;Grupo E;34329451.82;6192.0;462.01350963608957
2021-12;Centro;Centro Hospitalar do Baixo Vouga, EPE;CHBV;40.6362453, -8.6543716;Grupo C;3206743.95;751.0;355.8304427430093
2022-12;LVT;Hospital Garcia da Orta, EPE;HGO;38.6658713, -9.1822554;Grupo D;8504883.09;2133.0;332.2739135021097
2022-12;Norte;Unidade Local de Saúde de Matosinhos, EPE;ULSM;41.1794456, -8.6745115;Grupo C;5159595.19;1057.0;406.77981630400507
2022-12;Norte;Centro Hospitalar de Tras os Montes e Alto Douro, EPE;CHTMAD;41.3031784, -7.7515252;Grupo D;1462192.39;343.0;355.2459645286686
2022-12;Norte;Hospital da Senhora da Oliveira Guimarães, EPE;HSOG;41.4387173, -8.3086907;Grupo C;2030537.78;382.0;442.9619938917976
2022-12;LVT;Hospital de Vila Franca de Xira, EPE;HVFX;38.952565, -8.992398;Grupo C;1868607.69;409.0;380.726913202934
2023-12;Alentejo;Unidade Local de Saúde do Baixo Alentejo, EPE;ULSBA;38.014123,-7.8721227;Grupo C;1296863.66;239.0;452.1839818688982
2023-12;Norte;Centro Hospitalar Universitário de São João, EPE;CHUSJ;41.1831056, -8.6010558;Grupo E;12502480.1;3440.0;302.8701574612403
2023-12;LVT;Hospital Garcia da Orta, EPE;HGO;38.6658713, -9.1822554;Grupo D;9501550.21;2328.0;340.1184926260023
2023-12;Alentejo;Unidade Local de Saúde do Norte Alentejano, EPE;ULSNA;39.3003425, -7.4263845;Grupo C;511299.96;147.0;289.8525850340136
2023-12;LVT;Centro Hospitalar Universitário de Lisboa Norte, EPE;CHULN;38.7500861, -9.1616116;Grupo E;22304745.52;5089.0;365.2444082006943
2023-12;Centro;Centro Hospitalar e Universitário de Coimbra, EPE;CHUC;40.2191523, -8.4098211;Grupo E;13206212.06;3297.0;333.79365231018096
2024-03;;Unidade Local de Saúde de Viseu Dão-Lafões, E. P. E.;ULSVDL;40.516364, -8.0827433;Grupo D;606215.6;413.0;489.2781275221953
2024-03;;Unidade Local de Saúde do Algarve, E. P. E.;ULSAlg;37.0238973, -7.9281554;Grupo D;2996488.01;2019.0;494.71487700181603
2024-03;;Unidade Local de Saúde de Santo António, E. P. E.;ULSSA;41.1472498, -8.6172617;Grupo E;4252224.47;2865.0;494.73234089586964
2024-03;;Unidade Local de Saúde de São João, E. P. E.;ULSSJo;41.1831056, -8.6010558;Grupo E;3714453.85;2846.0;435.04964277348324
2024-03;;Unidade Local de Saúde de Matosinhos, E.P.E.;ULSM;41.1794456, -8.6745115;Grupo C;1536916.78;1111.0;461.12114611461146
2024-03;;Unidade Local de Saúde do Arco Ribeirinho, E. P. E.;ULSAR;38.6554005, -9.0592392;Grupo C;1454596.41;932.0;520.2419206008583
2025-03;;Unidade Local de Saúde do Estuário do Tejo, E. P. E.;ULSET;38.952565, -8.992398;Grupo C;694298.18;469.0;493.45997157071787
